{
  "hash": "432761c3",
  "configHash": "08b9ae9d",
  "lockfileHash": "861aa7e7",
  "browserHash": "431d6073",
  "optimized": {
    "@angular/core": {
      "src": "../../../../../../node_modules/@angular/core/fesm2022/core.mjs",
      "file": "@angular_core.js",
      "fileHash": "0244bbcb",
      "needsInterop": false
    },
    "@angular/forms": {
      "src": "../../../../../../node_modules/@angular/forms/fesm2022/forms.mjs",
      "file": "@angular_forms.js",
      "fileHash": "cfe9670e",
      "needsInterop": false
    },
    "@angular/material/button": {
      "src": "../../../../../../node_modules/@angular/material/fesm2022/button.mjs",
      "file": "@angular_material_button.js",
      "fileHash": "6be54bc6",
      "needsInterop": false
    },
    "@angular/material/card": {
      "src": "../../../../../../node_modules/@angular/material/fesm2022/card.mjs",
      "file": "@angular_material_card.js",
      "fileHash": "f18e60b6",
      "needsInterop": false
    },
    "@angular/material/checkbox": {
      "src": "../../../../../../node_modules/@angular/material/fesm2022/checkbox.mjs",
      "file": "@angular_material_checkbox.js",
      "fileHash": "3d9ff5b1",
      "needsInterop": false
    },
    "@angular/material/expansion": {
      "src": "../../../../../../node_modules/@angular/material/fesm2022/expansion.mjs",
      "file": "@angular_material_expansion.js",
      "fileHash": "88c54705",
      "needsInterop": false
    },
    "@angular/material/form-field": {
      "src": "../../../../../../node_modules/@angular/material/fesm2022/form-field.mjs",
      "file": "@angular_material_form-field.js",
      "fileHash": "75bccc59",
      "needsInterop": false
    },
    "@angular/material/icon": {
      "src": "../../../../../../node_modules/@angular/material/fesm2022/icon.mjs",
      "file": "@angular_material_icon.js",
      "fileHash": "2f3c83cf",
      "needsInterop": false
    },
    "@angular/material/input": {
      "src": "../../../../../../node_modules/@angular/material/fesm2022/input.mjs",
      "file": "@angular_material_input.js",
      "fileHash": "d2bb3584",
      "needsInterop": false
    },
    "@angular/material/select": {
      "src": "../../../../../../node_modules/@angular/material/fesm2022/select.mjs",
      "file": "@angular_material_select.js",
      "fileHash": "b0bb6879",
      "needsInterop": false
    },
    "@angular/material/stepper": {
      "src": "../../../../../../node_modules/@angular/material/fesm2022/stepper.mjs",
      "file": "@angular_material_stepper.js",
      "fileHash": "832cbb98",
      "needsInterop": false
    },
    "@angular/platform-browser": {
      "src": "../../../../../../node_modules/@angular/platform-browser/fesm2022/platform-browser.mjs",
      "file": "@angular_platform-browser.js",
      "fileHash": "7b1df0d5",
      "needsInterop": false
    },
    "@angular/router": {
      "src": "../../../../../../node_modules/@angular/router/fesm2022/router.mjs",
      "file": "@angular_router.js",
      "fileHash": "a912a1e8",
      "needsInterop": false
    },
    "tslib": {
      "src": "../../../../../../node_modules/tslib/tslib.es6.mjs",
      "file": "tslib.js",
      "fileHash": "faac2e75",
      "needsInterop": false
    },
    "@angular/cdk/bidi": {
      "src": "../../../../../../node_modules/@angular/cdk/fesm2022/bidi.mjs",
      "file": "@angular_cdk_bidi.js",
      "fileHash": "db543f72",
      "needsInterop": false
    },
    "@angular/cdk/scrolling": {
      "src": "../../../../../../node_modules/@angular/cdk/fesm2022/scrolling.mjs",
      "file": "@angular_cdk_scrolling.js",
      "fileHash": "ee5f5dd7",
      "needsInterop": false
    },
    "@angular/cdk/text-field": {
      "src": "../../../../../../node_modules/@angular/cdk/fesm2022/text-field.mjs",
      "file": "@angular_cdk_text-field.js",
      "fileHash": "19482d7d",
      "needsInterop": false
    }
  },
  "chunks": {
    "chunk-R4QB32YE": {
      "file": "chunk-R4QB32YE.js"
    },
    "chunk-3LBQLNBA": {
      "file": "chunk-3LBQLNBA.js"
    },
    "chunk-2BUWFM6A": {
      "file": "chunk-2BUWFM6A.js"
    },
    "chunk-AOCHCNJD": {
      "file": "chunk-AOCHCNJD.js"
    },
    "chunk-63RL55T2": {
      "file": "chunk-63RL55T2.js"
    },
    "chunk-KS6YDXTH": {
      "file": "chunk-KS6YDXTH.js"
    },
    "chunk-D63BQ3QF": {
      "file": "chunk-D63BQ3QF.js"
    },
    "chunk-XLCSKPMH": {
      "file": "chunk-XLCSKPMH.js"
    },
    "chunk-OUM52Z7I": {
      "file": "chunk-OUM52Z7I.js"
    },
    "chunk-DLWJQFPY": {
      "file": "chunk-DLWJQFPY.js"
    },
    "chunk-DBMDCVG3": {
      "file": "chunk-DBMDCVG3.js"
    },
    "chunk-2O4WY5GE": {
      "file": "chunk-2O4WY5GE.js"
    },
    "chunk-XCU2I5ND": {
      "file": "chunk-XCU2I5ND.js"
    },
    "chunk-OIBNGD5S": {
      "file": "chunk-OIBNGD5S.js"
    },
    "chunk-NRPIIQUB": {
      "file": "chunk-NRPIIQUB.js"
    },
    "chunk-Y6GGI55N": {
      "file": "chunk-Y6GGI55N.js"
    },
    "chunk-BXJIFBH3": {
      "file": "chunk-BXJIFBH3.js"
    },
    "chunk-YDDRD5FY": {
      "file": "chunk-YDDRD5FY.js"
    },
    "chunk-DS3TMKQQ": {
      "file": "chunk-DS3TMKQQ.js"
    },
    "chunk-QT7FJAAE": {
      "file": "chunk-QT7FJAAE.js"
    },
    "chunk-BCJOKRQX": {
      "file": "chunk-BCJOKRQX.js"
    },
    "chunk-4JASIVIP": {
      "file": "chunk-4JASIVIP.js"
    },
    "chunk-5URB5I4D": {
      "file": "chunk-5URB5I4D.js"
    },
    "chunk-EPAV4CNQ": {
      "file": "chunk-EPAV4CNQ.js"
    }
  }
}